PB_ID	index	sequence	oligo	left_adaptor	right_adaptor	reg_Id	utr_Id	chr	start	end	dir	ref_fa	HEPG2_LIVER_tpm	OVKATE_OVARY_tpm	TT_THYROID_tpm	HEPG2_LIVER_rank	OVKATE_OVARY_rank	TT_THYROID_rank	Neuro2a_tpm_summed	Neuro2a_tpm_rank_summed	type	recomb	mutation	Neuro2a	activity_HepG2	T (Percentile)	run	include_recombination	optimized_condition	selection_strategy	HepG2_model	Neuro2a_model	T0	Tm	dG
PB-TL-0029-038237	38236	AGTTCGGATCCGCAGTAATTGGTAACCCGTGCTTACGTACACTGTGGACTATTAGCTGGCACGACTGTCGGTGGTGCACGGTTGAGGAACATCAGTTAGCGGGACTTCGGGTAATAAAGGGTGTATCTTCCGTTATCGGTCCCTTCCCCATATGCAATAGTGGCAATTAG	ACTGGCCGCTTGACGAGTTCGGATCCGCAGTAATTGGTAACCCGTGCTTACGTACACTGTGGACTATTAGCTGGCACGACTGTCGGTGGTGCACGGTTGAGGAACATCAGTTAGCGGGACTTCGGGTAATAAAGGGTGTATCTTCCGTTATCGGTCCCTTCCCCATATGCAATAGTGGCAATTAGCACTGCGGCTCCTGC	ACTGGCCGCTTGACG	CACTGCGGCTCCTGC																simulated_annealing	0.0	405.0	1.9426173	-3.5219195	1.8486873582389391	26.0	False	Neuro2a	AnnealingSelection.ADAPTIVE	PB-PY-0005	PB-PY-0007	50.0	83.7	-17.2
PB-TL-0029-038312	38311	CGAGGTCGGAGGCAGACTGTCCGAAATTCGGCGAATGACCGCGTGTGGACGGTCTCCAGTGATGACCATGAGGGAGTCCTACGTGAGTTCCCTACGAAGCTGGTGCATTCCGTCGGGACAGTCGGAAGGCGTCGTCGAATAGGGGCTGACCCGTCTTAGAGAGCAAGCGG	ACTGGCCGCTTGACGCGAGGTCGGAGGCAGACTGTCCGAAATTCGGCGAATGACCGCGTGTGGACGGTCTCCAGTGATGACCATGAGGGAGTCCTACGTGAGTTCCCTACGAAGCTGGTGCATTCCGTCGGGACAGTCGGAAGGCGTCGTCGAATAGGGGCTGACCCGTCTTAGAGAGCAAGCGGCACTGCGGCTCCTGC	ACTGGCCGCTTGACG	CACTGCGGCTCCTGC																simulated_annealing	0.0	360.0	1.9127344	-2.4369051	2.7046217294215795	23.0	False	Neuro2a	AnnealingSelection.ADAPTIVE	PB-PY-0005	PB-PY-0007	50.0	87.5	-25.0
PB-TL-0029-038682	38681	CTGAGGTCGCAAGTTCGAGGCCCAAGTTCAACCCGCATAGTCTCTAATGGAATGTTGGCTGAAGGCGCTGAGTGCGGGGGTGCGATTGCGGTGACGCTGAACGGGGCATGACTCAGCGCCGGGTCAGCCGTGCCTGGGCAAGGGGCCGCGCCGGCACGGCGGCCGGTCAA	ACTGGCCGCTTGACGCTGAGGTCGCAAGTTCGAGGCCCAAGTTCAACCCGCATAGTCTCTAATGGAATGTTGGCTGAAGGCGCTGAGTGCGGGGGTGCGATTGCGGTGACGCTGAACGGGGCATGACTCAGCGCCGGGTCAGCCGTGCCTGGGCAAGGGGCCGCGCCGGCACGGCGGCCGGTCAACACTGCGGCTCCTGC	ACTGGCCGCTTGACG	CACTGCGGCTCCTGC																simulated_annealing	58.0	1065.0	0.5589848	8.659821	0.0999999999999999	19.0	True	activity_HepG2	AnnealingSelection.LENIENT_OPT	PB-PY-0010	PB-PY-0007	100.0	91.3	-37.0
PB-TL-0029-038710	38709	CACGAGGTCAAGAGTTCGAGACCAGGCCCAGGTTCGAATAGGTGTTCGTTATCGCTTCGTCTACGCCACGCCGATGCCGCTGTGCGGATCCGAATCGGATGCGGTTTCGACCGTGCCACTGCGATGACCCCCACCGGGTGCGGCCACGGCCTGGCAGGCGGTGCAGCCGC	ACTGGCCGCTTGACGCACGAGGTCAAGAGTTCGAGACCAGGCCCAGGTTCGAATAGGTGTTCGTTATCGCTTCGTCTACGCCACGCCGATGCCGCTGTGCGGATCCGAATCGGATGCGGTTTCGACCGTGCCACTGCGATGACCCCCACCGGGTGCGGCCACGGCCTGGCAGGCGGTGCAGCCGCCACTGCGGCTCCTGC	ACTGGCCGCTTGACG	CACTGCGGCTCCTGC																simulated_annealing	58.0	845.0	0.71352416	8.643775	0.4281332398719392	15.0	True	activity_HepG2	AnnealingSelection.LENIENT_OPT	PB-PY-0010	PB-PY-0007	100.0	90.4	-33.8
PB-TL-0029-038717	38716	TATGAGGTCAAGAGTTCGAGACCATGCTCAAGACGCCTAATAGTTCGGTGTGGTGGCGCTGTGCTTGTGCTTGTGGTCGATGCCGCTGATGACGGTGAATACCGGCAGCGACTGTGGGCCCCGGTGAGACACCTTCCGGGTCAGGCAGGGCGCCGGGACGGCCGGAAAGG	ACTGGCCGCTTGACGTATGAGGTCAAGAGTTCGAGACCATGCTCAAGACGCCTAATAGTTCGGTGTGGTGGCGCTGTGCTTGTGCTTGTGGTCGATGCCGCTGATGACGGTGAATACCGGCAGCGACTGTGGGCCCCGGTGAGACACCTTCCGGGTCAGGCAGGGCGCCGGGACGGCCGGAAAGGCACTGCGGCTCCTGC	ACTGGCCGCTTGACG	CACTGCGGCTCCTGC																simulated_annealing	57.0	1080.0	0.9505587	8.639187	0.0999999999999999	19.0	True	activity_HepG2	AnnealingSelection.LENIENT_OPT	PB-PY-0010	PB-PY-0007	100.0	89.1	-28.2
PB-TL-0029-038745	38744	ATGAGGTCACGAGTTCGAGACCGGGGTTCCAGTCCCCGTCGCACCGATTCGATTGCTTATGGCTGCGCATACGGCGGCTCGGATCCGCTGCGCTTCCGCGGTGCCGCTAAAACTGCGGTTACTCCCGGGCCGCCGGTGGGTCTGGTGGGCGGCCGGGGAGACGACGGTCA	ACTGGCCGCTTGACGATGAGGTCACGAGTTCGAGACCGGGGTTCCAGTCCCCGTCGCACCGATTCGATTGCTTATGGCTGCGCATACGGCGGCTCGGATCCGCTGCGCTTCCGCGGTGCCGCTAAAACTGCGGTTACTCCCGGGCCGCCGGTGGGTCTGGTGGGCGGCCGGGGAGACGACGGTCACACTGCGGCTCCTGC	ACTGGCCGCTTGACG	CACTGCGGCTCCTGC																simulated_annealing	63.0	1005.0	1.2173172	8.62097	0.1438449888287662	18.0	True	activity_HepG2	AnnealingSelection.LENIENT_OPT	PB-PY-0010	PB-PY-0007	100.0	91.5	-40.9
PB-TL-0029-039022	39021	CTAAGGTCGCGGGTTCGAGACCCGGGTCGAGGTTCGACTCGCTCTAGTGCCTCGAATACGTCTGCATCGTTGGTGCGGATGACGTTGGATGAGGGTCCGCTCTGGGTGACTCACCGGGATGCGGTGCCTCGGCGCCACCCGGTCACCGCCGGGGGGGGGGGAGACGGTCT	ACTGGCCGCTTGACGCTAAGGTCGCGGGTTCGAGACCCGGGTCGAGGTTCGACTCGCTCTAGTGCCTCGAATACGTCTGCATCGTTGGTGCGGATGACGTTGGATGAGGGTCCGCTCTGGGTGACTCACCGGGATGCGGTGCCTCGGCGCCACCCGGTCACCGCCGGGGGGGGGGGAGACGGTCTCACTGCGGCTCCTGC	ACTGGCCGCTTGACG	CACTGCGGCTCCTGC																simulated_annealing	52.0	915.0	0.6735371	8.474413	0.2976351441631317	16.0	True	activity_HepG2	AnnealingSelection.LENIENT_OPT	PB-PY-0010	PB-PY-0007	100.0	90.9	-38.1
PB-TL-0029-039116	39115	CTAAGGTCACGGGTTCAAGTCCGGGGTCAGGTTGATAGTCCGATAGGCTGAGCCGATGGCTCAGGGCTGGTGCCGATGCGGCTGCAGCTGCTTCGATGAGTCAGCGCGGTGCCGGAAGCCGCCTCGGTGACGCCGGCTGCGGGTCACCTGGGAGGCGGCCGGGACGGCCA	ACTGGCCGCTTGACGCTAAGGTCACGGGTTCAAGTCCGGGGTCAGGTTGATAGTCCGATAGGCTGAGCCGATGGCTCAGGGCTGGTGCCGATGCGGCTGCAGCTGCTTCGATGAGTCAGCGCGGTGCCGGAAGCCGCCTCGGTGACGCCGGCTGCGGGTCACCTGGGAGGCGGCCGGGACGGCCACACTGCGGCTCCTGC	ACTGGCCGCTTGACG	CACTGCGGCTCCTGC																simulated_annealing	55.0	1005.0	0.6081897	8.438403	0.1438449888287662	18.0	True	activity_HepG2	AnnealingSelection.LENIENT_OPT	PB-PY-0010	PB-PY-0007	100.0	91.9	-43.3
PB-TL-0029-039589	39588	CTGAGGTCACGGGTTCGAAGCCCGCGCAAGTCCTGGCTCATTAGGATGCACACAGATCGCAGTTGGCTGAATCCTCGAGGCTCGCGCACCCCCATGAGTCATCCTAGTGGGGTGATTCAGCGCGGGGCCCGTTCGGTCGTGGCCGGTGTGGCGGCTCGGCATGGGGGGGA	ACTGGCCGCTTGACGCTGAGGTCACGGGTTCGAAGCCCGCGCAAGTCCTGGCTCATTAGGATGCACACAGATCGCAGTTGGCTGAATCCTCGAGGCTCGCGCACCCCCATGAGTCATCCTAGTGGGGTGATTCAGCGCGGGGCCCGTTCGGTCGTGGCCGGTGTGGCGGCTCGGCATGGGGGGGACACTGCGGCTCCTGC	ACTGGCCGCTTGACG	CACTGCGGCTCCTGC																simulated_annealing	50.0	740.0	0.7379777	8.308025	0.8858667904100823	13.0	True	activity_HepG2	AnnealingSelection.LENIENT_OPT	PB-PY-0010	PB-PY-0007	100.0	90.7	-28.6
PB-TL-0029-040166	40165	CTGGATCACGAGGTCGCGAGTCCAAGGTCGAGGCCGACCTCGATACGGCTCGTCGCGGCGATGTGGCTGAGCGGATCTGTTCCGGTTCCGATTCTGCCCCGAGAGTGCCGGATGACTCACCCGGCGGGGGAAGAGCCACCGCGGGGTGGCCGCTGGGGGGGGAGAGCCTG	ACTGGCCGCTTGACGCTGGATCACGAGGTCGCGAGTCCAAGGTCGAGGCCGACCTCGATACGGCTCGTCGCGGCGATGTGGCTGAGCGGATCTGTTCCGGTTCCGATTCTGCCCCGAGAGTGCCGGATGACTCACCCGGCGGGGGAAGAGCCACCGCGGGGTGGCCGCTGGGGGGGGAGAGCCTGCACTGCGGCTCCTGC	ACTGGCCGCTTGACG	CACTGCGGCTCCTGC																simulated_annealing	55.0	1070.0	0.62176806	8.187695	0.0999999999999999	19.0	True	activity_HepG2	AnnealingSelection.LENIENT_OPT	PB-PY-0010	PB-PY-0007	100.0	91.8	-38.9
PB-TL-0029-040377	40376	ATGAGGTCACGGGTTCGATCCCAACCCCTCGGGGTCGATGCGGTCTCTGCCTGATGGATCAGGCACTCGAAGTGGGGCCCGGATGACTGATCCCGCGCATGTGCCCGGGCCGGAGCGGAGTAGCCCGGGGGCGCCCTGGGTCTGGTGGGGGGTGGCGGTGACGACGGTCA	ACTGGCCGCTTGACGATGAGGTCACGGGTTCGATCCCAACCCCTCGGGGTCGATGCGGTCTCTGCCTGATGGATCAGGCACTCGAAGTGGGGCCCGGATGACTGATCCCGCGCATGTGCCCGGGCCGGAGCGGAGTAGCCCGGGGGCGCCCTGGGTCTGGTGGGGGGTGGCGGTGACGACGGTCACACTGCGGCTCCTGC	ACTGGCCGCTTGACG	CACTGCGGCTCCTGC																simulated_annealing	60.0	910.0	0.60437936	8.144367	0.2976351441631317	16.0	True	activity_HepG2	AnnealingSelection.LENIENT_OPT	PB-PY-0010	PB-PY-0007	100.0	92.6	-33.3
PB-TL-0029-041016	41015	CTAAGGTCACGAGTTCAAGCCCCGCGAGGCCTCAACAATTCGGATGGATCTATTCGCACGATACGGTTCGCAGACGAGGGCGAGGTCGCCGGGAGTGGCCATGAGTCACCAGGCAGGGCGGGACGGGCGAGCTGACTCATCCCGGCAGCCGGATCGGCTCTGCAAGGGGG	ACTGGCCGCTTGACGCTAAGGTCACGAGTTCAAGCCCCGCGAGGCCTCAACAATTCGGATGGATCTATTCGCACGATACGGTTCGCAGACGAGGGCGAGGTCGCCGGGAGTGGCCATGAGTCACCAGGCAGGGCGGGACGGGCGAGCTGACTCATCCCGGCAGCCGGATCGGCTCTGCAAGGGGGCACTGCGGCTCCTGC	ACTGGCCGCTTGACG	CACTGCGGCTCCTGC																simulated_annealing	55.0	835.0	0.5320146	8.038638	0.4281332398719392	15.0	True	activity_HepG2	AnnealingSelection.LENIENT_OPT	PB-PY-0010	PB-PY-0007	100.0	90.0	-27.3
PB-TL-0029-041672	41671	CTTGAGGTTAGATCACGAGGTTGGGAGCCCTCCCCTTCGAATCTGAGAGCTGATTCGAATACGTTGAGGGAGCTGGCGGTGGCGGTGGCTCTGGATCTAGCGGTGCCGGGTGCCTCAGCGGTGCCCCGGGTGACTCAGCGGGCCGGCGAGCGCGAGGGGGGGGAGAGCAT	ACTGGCCGCTTGACGCTTGAGGTTAGATCACGAGGTTGGGAGCCCTCCCCTTCGAATCTGAGAGCTGATTCGAATACGTTGAGGGAGCTGGCGGTGGCGGTGGCTCTGGATCTAGCGGTGCCGGGTGCCTCAGCGGTGCCCCGGGTGACTCAGCGGGCCGGCGAGCGCGAGGGGGGGGAGAGCATCACTGCGGCTCCTGC	ACTGGCCGCTTGACG	CACTGCGGCTCCTGC																simulated_annealing	57.0	975.0	0.43698376	7.931394	0.2069138081114788	17.0	True	activity_HepG2	AnnealingSelection.LENIENT_OPT	PB-PY-0010	PB-PY-0007	100.0	90.7	-33.2
